{
  "train_loss": [
    0.6031854649384817,
    0.4673072439101007,
    0.4176315971546703,
    0.3334774730934037,
    0.33249577548768783,
    0.23948356550600794,
    0.18886372302141455,
    0.16514377606411776,
    0.143812986711661,
    0.14198184137543043,
    0.15762137932082018,
    0.13197082834732202,
    0.18392879039876991,
    0.11708917406698068,
    0.14759945817705658,
    0.1101034691867729,
    0.12161522762229045,
    0.06596118346270588,
    0.05059121049837106,
    0.04793568584136665
  ],
  "val_loss": [
    0.5604217141866684,
    0.6159089803695679,
    0.48266094326972964,
    0.47783117890357973,
    1.323649102449417,
    0.6813843369483947,
    0.5696095526218414,
    0.5928151786327363,
    0.7477555483579635,
    0.8704204082489013,
    0.7883331477642059,
    2.9602079510688784,
    0.4369133472442627,
    1.1983040690422058,
    1.2784267991781235,
    0.8866785764694214,
    0.6051397025585175,
    0.5233384668827057,
    0.9427264772355557,
    0.8403509199619293
  ],
  "val_acc": [
    0.7464788732394366,
    0.6901408450704225,
    0.8309859154929577,
    0.8028169014084507,
    0.7464788732394366,
    0.704225352112676,
    0.704225352112676,
    0.7323943661971831,
    0.6338028169014085,
    0.7605633802816901,
    0.7464788732394366,
    0.7464788732394366,
    0.7887323943661971,
    0.6197183098591549,
    0.7605633802816901,
    0.647887323943662,
    0.7323943661971831,
    0.7323943661971831,
    0.8028169014084507,
    0.704225352112676
  ]
}